Location,Time to find Location (s),Time to find Location (m.s),Total time up to this point (s),Total time up to this point (m.s),Current Battery Life (%)
Starting Helipad,0,0,0,0,100 %
Wind Turbine 5,22.888543844223022,0.22.888543844223022,22.888543844223022,0.22.888543844223022,93 %
Wind Turbine 2,93.99164724349976,1.33.991647243499756,93.99164724349976,1.33.991647243499756,82 %
Wind Turbine 4,130.0485017299652,2.10.04850172996521,130.0485017299652,2.10.04850172996521,78 %
Wind Turbine 2,192.07021498680115,3.12.070214986801147,192.07021498680115,3.12.070214986801147,68 %
Wind Turbine 6,263.63401436805725,4.23.63401436805725,263.63401436805725,4.23.63401436805725,58 %
Wind Turbine 3,337.2689538002014,5.37.268953800201416,337.2689538002014,5.37.268953800201416,47 %
Wind Turbine 1,405.61773109436035,6.45.61773109436035,405.61773109436035,6.45.61773109436035,36 %
Landing helipad,76.30978894233704,1.16.309788942337036,481.9275200366974,8.01.9275200366973877,22 %
