Location,Time to find Location (s),Time to find Location (m.s),Total time up to this point (s),Total time up to this point (m.s),Current Battery Life (%)
Starting Helipad,0,0,0,0,100 %
Wind Turbine 1,29.153202295303345,0.29.153202295303345,29.153202295303345,0.29.153202295303345,90 %
Wind Turbine 3,99.80916666984558,1.39.80916666984558,99.80916666984558,1.39.80916666984558,81 %
Wind Turbine 6,175.28561997413635,2.55.28561997413635,175.28561997413635,2.55.28561997413635,72 %
Wind Turbine 2,250.53121614456177,4.10.531216144561768,250.53121614456177,4.10.531216144561768,61 %
Wind Turbine 7,371.1560354232788,6.11.156035423278809,371.1560354232788,6.11.156035423278809,43 %
Wind Turbine 5,445.76471734046936,7.25.76471734046936,445.76471734046936,7.25.76471734046936,31 %
Landing helipad,98.08553409576416,1.38.08553409576416,543.8502514362335,9.03.8502514362335205,15 %
